stationid,neighborhood,borough,zipcode,station_name,latitude,longitude,count
334,Manhattan Community Board 4,Manhattan,10011,W 20 St & 7 Ave,40.74238787,-73.99726235,213
236,Manhattan Community Board 3,Manhattan,10003,St Marks Pl & 2 Ave,40.7284186,-73.98713956,230
513,Manhattan Community Board 4,Manhattan,10019,W 56 St & 10 Ave,40.768254,-73.988639,114
441,Manhattan Community Board 6,Manhattan,10022,E 52 St & 2 Ave,40.756014,-73.967416,104
476,Manhattan Community Board 6,Manhattan,10016,E 31 St & 3 Ave,40.74394314,-73.97966069,252
432,Manhattan Community Board 3,Manhattan,10009,E 7 St & Avenue A,40.72621788,-73.98379855,180
317,Alphabet City,Manhattan,10009,E 6 St & Avenue B,40.72453734,-73.98185424,174
212,Manhattan Community Board 4,Manhattan,10011,W 16 St & The High Line,40.74334935,-74.00681753,189
422,Clinton,Manhattan,10069,W 59 St & 10 Ave,40.770513,-73.988038,155
342,Lower East Side,Manhattan,10002,Columbia St & Rivington St,40.71739973,-73.98016555,60
512,Manhattan Community Board 4,Manhattan,10001,W 29 St & 9 Ave,40.7500727,-73.99839279,153
460,,Brooklyn,11211,S 4 St & Wythe Ave,40.71285887,-73.96590294,54
2022,Roosevelt Island,Manhattan,10022,E 59 St & Sutton Pl,40.75849116,-73.95920622,111
152,Manhattan Community Board 1,Manhattan,10007,Warren St & Church St,40.71473993,-74.00910627,146
284,Manhattan Community Board 2,Manhattan,10014,Greenwich Ave & 8 Ave,40.7390169121,-74.0026376103,371
440,Manhattan Community Board 6,Manhattan,10017,E 45 St & 3 Ave,40.75255434,-73.97282625,124
296,Manhattan Community Board 3,Manhattan,10002,Division St & Bowery,40.71413089,-73.9970468,122
514,Hudson Yards,Manhattan,10199,12 Ave & W 40 St,40.76087502,-74.00277668,259
459,Manhattan Community Board 4,Manhattan,10011,W 20 St & 11 Ave,40.746745,-74.007756,525
301,Alphabet City,Manhattan,10009,E 2 St & Avenue B,40.72217444,-73.98368779,187
252,Washington Square Village,Manhattan,10014,MacDougal St & Washington Sq,40.73226398,-73.99852205,152
430,Dumbo,Brooklyn,11251,York St & Jay St,40.7014851,-73.98656928,111
379,Chelsea,Manhattan,10001,W 31 St & 7 Ave,40.749156,-73.9916,192
435,Manhattan Community Board 4,Manhattan,10011,W 21 St & 6 Ave,40.74173969,-73.99415556,408
357,Washington Square Village,Manhattan,10003,E 11 St & Broadway,40.73261787,-73.99158043,120
389,,Brooklyn,11207,Broadway & Berry St,40.71044554,-73.96525063,36
167,Manhattan Community Board 6,Manhattan,10016,E 39 St & 3 Ave,40.7489006,-73.97604882,172
274,,Brooklyn,11221,Lafayette Ave & Fort Greene Pl,40.68691865,-73.976682,51
2000,Dumbo,Brooklyn,11201,Front St & Washington St,40.70255088,-73.98940236,109
449,Clinton,Manhattan,10019,W 52 St & 9 Ave,40.76461837,-73.98789473,109
388,Manhattan Community Board 4,Manhattan,10001,W 26 St & 10 Ave,40.749717753,-74.002950346,288
426,Manhattan Community Board 1,Manhattan,10282,West St & Chambers St,40.71754834,-74.01322069,470
501,Murray Hill,Manhattan,10016,FDR Drive & E 35 St,40.744219,-73.97121214,130
477,Manhattan Community Board 5,Manhattan,10036,W 41 St & 8 Ave,40.75640548,-73.9900262,262
346,Manhattan Community Board 2,Manhattan,10014,Bank St & Hudson St,40.73652889,-74.00618026,201
518,Manhattan Community Board 6,Manhattan,10016,E 39 St & 2 Ave,40.74780373,-73.9734419,277
2017,Turtle Bay,Manhattan,10017,E 43 St & 2 Ave,40.75022392,-73.97121414,94
326,Manhattan Community Board 3,Manhattan,10009,E 11 St & 1 Ave,40.72953837,-73.98426726,239
519,Manhattan Community Board 5,Manhattan,10037,Pershing Square N,40.75188406,-73.97770164,348
507,Manhattan Community Board 6,Manhattan,10010,E 25 St & 2 Ave,40.73912601,-73.97973776,252
510,Manhattan Community Board 5,Manhattan,10111,W 51 St & 6 Ave,40.7606597,-73.98042047,192
306,Manhattan Community Board 1,Manhattan,10038,Cliff St & Fulton St,40.70823502,-74.00530063,176
332,Lower East Side,Manhattan,10002,Cherry St,40.71219906,-73.97948148,83
247,Manhattan Community Board 2,Manhattan,10014,Perry St & Bleecker St,40.73535398,-74.00483091,156
324,,Brooklyn,11221,DeKalb Ave & Hudson Ave,40.689888,-73.981013,94
403,Manhattan Community Board 3,Manhattan,10012,E 2 St & 2 Ave,40.72502876,-73.99069656,131
524,,Manhattan,,W 43 St & 6 Ave,40.75527307,-73.98316936,207
276,Manhattan Community Board 1,Manhattan,10013,Duane St & Greenwich St,40.71748752,-74.0104554,111
453,Manhattan Community Board 4,Manhattan,10011,W 22 St & 8 Ave,40.74475148,-73.99915362,220
325,Manhattan Community Board 6,Manhattan,10003,E 19 St & 3 Ave,40.73624527,-73.98473765,187
443,,Brooklyn,11249,Bedford Ave & S 9th St,40.70853074,-73.96408963,19
335,Washington Square Village,Manhattan,10011,Washington Pl & Broadway,40.72903917,-73.99404649,204
195,Manhattan Community Board 1,Manhattan,10005,Liberty St & Broadway,40.70905623,-74.01043382,153
368,University Village,Manhattan,10014,Carmine St & 6 Ave,40.73038599,-74.00214988,349
418,Dumbo,Brooklyn,11251,Front St & Gold St,40.70224,-73.982578,49
444,Manhattan Community Board 5,Manhattan,10019,Broadway & W 24 St,40.7423543,-73.98915076,353
349,Lower East Side,Manhattan,10002,Rivington St & Ridge St,40.71850211,-73.98329859,76
128,University Village,Manhattan,10012,MacDougal St & Prince St,40.72710258,-74.00297088,274
470,Manhattan Community Board 4,Manhattan,10011,W 20 St & 8 Ave,40.74345335,-74.00004031,185
313,Clinton Hill,Brooklyn,11205,Washington Ave & Park Ave,40.69610226,-73.96751037,34
402,Manhattan Community Board 5,Manhattan,10010,Broadway & E 22 St,40.7403432,-73.98955109,308
495,Clinton,Manhattan,10036,W 47 St & 10 Ave,40.76269882,-73.99301222,156
233,,Brooklyn,11207,Joralemon St & Adams St,40.69246277,-73.98963911,99
281,Manhattan Community Board 5,Manhattan,10153,Grand Army Plaza & Central Park S,40.7643971,-73.97371465,265
369,Greenwich Village,Manhattan,10011,Washington Pl & 6 Ave,40.73224119,-74.00026394,142
503,Manhattan Community Board 5,Manhattan,10003,E 20 St & Park Ave,40.73827428,-73.98751968,82
316,Manhattan Community Board 1,Manhattan,10038,Fulton St & William St,40.70955958,-74.00653609,122
151,Manhattan Community Board 2,Manhattan,10012,Cleveland Pl & Spring St,40.7218158,-73.99720307,323
433,Alphabet City,Manhattan,10009,E 13 St & Avenue A,40.72955361,-73.98057249,212
366,Clinton Hill,Brooklyn,11205,Clinton Ave & Myrtle Ave,40.693261,-73.968896,57
457,Manhattan Community Board 5,Manhattan,10019,Broadway & W 58 St,40.76695317,-73.98169333,259
538,Manhattan Community Board 5,Manhattan,10020,W 49 St & 5 Ave,40.75795248,-73.97787642,129
531,Manhattan Community Board 3,Manhattan,10002,Forsyth St & Broome St,40.71893904,-73.99266288,174
521,Manhattan Community Board 4,Manhattan,10122,8 Ave & W 31 St,40.75044999,-73.99481051,439
474,Manhattan Community Board 5,Manhattan,10035,5 Ave & E 29 St,40.7451677,-73.98683077,191
161,University Village,Manhattan,10012,LaGuardia Pl & W 3 St,40.72917025,-73.99810231,230
223,West Village,Manhattan,10011,W 13 St & 7 Ave,40.73781509,-73.99994661,196
522,Manhattan Community Board 5,Manhattan,10022,E 51 St & Lexington Ave,40.75714758,-73.97207836,133
323,,Brooklyn,11201,Lawrence St & Willoughby St,40.69236178,-73.98631746,275
492,Chelsea,Manhattan,10001,W 33 St & 7 Ave,40.75019995,-73.99093085,228
307,Manhattan Community Board 3,Manhattan,10002,Canal St & Rutgers St,40.71427487,-73.98990025,159
446,Manhattan Community Board 4,Manhattan,10011,W 24 St & 7 Ave,40.74487634,-73.99529885,278
147,Manhattan Community Board 1,Manhattan,10014,Greenwich St & Warren St,40.71542197,-74.01121978,275
467,,Brooklyn,11213,Dean St & 4 Ave,40.68312489,-73.97895137,93
243,,Brooklyn,11217,Fulton St & Rockwell Pl,40.687979,-73.978474,90
377,Manhattan Community Board 2,Manhattan,10005,6 Ave & Canal St,40.72243797,-74.00566443,115
275,,Brooklyn,11221,Washington Ave & Greene Ave,40.68650065,-73.96563307,31
237,Manhattan Community Board 3,Manhattan,10003,E 11 St & 2 Ave,40.73047309,-73.98672378,249
383,Manhattan Community Board 2,Manhattan,10014,Greenwich Ave & Charles St,40.735238,-74.000271,114
496,Manhattan Community Board 5,Manhattan,10003,E 16 St & 5 Ave,40.73726186,-73.99238967,203
472,Manhattan Community Board 5,Manhattan,10016,E 32 St & Park Ave,40.7457121,-73.98194829,229
375,Washington Square Village,Manhattan,10011,Mercer St & Bleecker St,40.72679454,-73.99695094,246
493,Manhattan Community Board 5,Manhattan,10036,W 45 St & 6 Ave,40.7568001,-73.98291153,167
380,Manhattan Community Board 2,Manhattan,10014,W 4 St & 7 Ave S,40.73401143,-74.00293877,384
268,Manhattan Community Board 2,Manhattan,10013,Howard St & Centre St,40.71910537,-73.99973337,214
168,Manhattan Community Board 5,Manhattan,10011,W 18 St & 6 Ave,40.73971301,-73.99456405,313
500,Manhattan Community Board 5,Manhattan,10019,Broadway & W 51 St,40.76228826,-73.98336183,155
329,Manhattan Community Board 1,Manhattan,,Greenwich St & N Moore St,40.72043411,-74.01020609,216
481,,Brooklyn,11249,S 3 St & Bedford Ave,40.71260486,-73.96264403,47
509,Manhattan Community Board 4,Manhattan,10019,9 Ave & W 22 St,40.7454973,-74.00197139,245
2023,Manhattan Community Board 5,Manhattan,10022,E 55 St & Lexington Ave,40.75968085,-73.97031366,67
483,Manhattan Community Board 3,Manhattan,10009,E 12 St & 3 Ave,40.73223272,-73.98889957,218
249,Manhattan Community Board 1,Manhattan,10013,Harrison St & Hudson St,40.71870987,-74.0090009,117
498,Manhattan Community Board 5,Manhattan,,Broadway & W 32 St,40.74854862,-73.98808416,222
479,Clinton,Manhattan,10019,9 Ave & W 45 St,40.76019252,-73.9912551,233
536,Manhattan Community Board 6,Manhattan,10016,1 Ave & E 30 St,40.74144387,-73.97536082,162
497,Manhattan Community Board 5,Manhattan,10010,E 17 St & Broadway,40.73704984,-73.99009296,571
405,Manhattan Community Board 2,Manhattan,10014,Washington St & Gansevoort St,40.739323,-74.008119,207
539,,Brooklyn,11249,Metropolitan Ave & Bedford Ave,40.71534825,-73.96024116,134
79,Manhattan Community Board 1,Manhattan,10013,Franklin St & W Broadway,40.71911552,-74.00666661,132
454,Manhattan Community Board 6,Manhattan,10022,E 51 St & 1 Ave,40.75455731,-73.96592976,82
2008,Manhattan Community Board 1,Manhattan,10280,Little West St & 1 Pl,40.70569254,-74.01677685,122
517,Manhattan Community Board 5,Manhattan,10017,Pershing Square S,40.75149263,-73.97798848,173
359,Manhattan Community Board 5,Manhattan,10172,E 47 St & Park Ave,40.75510267,-73.97498696,188
391,,Brooklyn,11242,Clark St & Henry St,40.69760127,-73.99344559,109
218,,Brooklyn,11201,Gallatin Pl & Livingston St,40.69028437,-73.98707105,37
345,Manhattan Community Board 2,Manhattan,10011,W 13 St & 6 Ave,40.73649403,-73.99704374,228
434,Manhattan Community Board 4,Manhattan,10019,9 Ave & W 18 St,40.74317449,-74.00366443,136
257,Manhattan Community Board 1,Manhattan,10013,Lispenard St & Broadway,40.71939226,-74.00247214,110
488,Manhattan Community Board 4,Manhattan,10018,W 39 St & 9 Ave,40.75645824,-73.99372222,265
494,,Manhattan,10001,W 26 St & 8 Ave,40.74734825,-73.99723551,172
315,Financial District,Manhattan,,South St & Gouverneur Ln,40.70355377,-74.00670227,163
499,Manhattan Community Board 7,Manhattan,10463,Broadway & W 60 St,40.76915505,-73.98191841,381
527,Kips Bay,Manhattan,10016,E 33 St & 1 Ave,40.74315566,-73.97434726,198
217,Dumbo,Brooklyn,11242,Old Fulton St,40.70277159,-73.99383605,88
456,Manhattan Community Board 5,Manhattan,10055,E 53 St & Madison Ave,40.7597108,-73.97402311,161
297,Gramercy,Manhattan,10003,E 15 St & 3 Ave,40.734232,-73.986923,171
263,Manhattan Community Board 2,Manhattan,10013,Elizabeth St & Hester St,40.71729,-73.996375,183
137,Manhattan Community Board 5,Manhattan,10022,E 56 St & Madison Ave,40.761628,-73.972924,131
293,Manhattan Community Board 2,Manhattan,10003,Lafayette St & E 8 St,40.73028666,-73.9907647,430
290,Manhattan Community Board 6,Manhattan,10035,2 Ave & E 58 St,40.76020258,-73.96478473,159
515,Clinton,Manhattan,10036,W 43 St & 10 Ave,40.76009437,-73.99461843,207
447,Manhattan Community Board 4,Manhattan,10019,8 Ave & W 52 St,40.76370739,-73.9851615,185
2021,Clinton,Manhattan,10036,W 45 St & 8 Ave,40.75929124,-73.98859651,182
83,,Brooklyn,11208,Atlantic Ave & Fort Greene Pl,40.68382604,-73.97632328,90
382,Manhattan Community Board 2,Manhattan,10003,University Pl & E 14 St,40.73492695,-73.99200509,390
545,Manhattan Community Board 6,Manhattan,10010,E 23 St & 1 Ave,40.736502,-73.97809472,186
319,Manhattan Community Board 1,Manhattan,10007,Park Pl & Church St,40.71336124,-74.00937622,144
318,Manhattan Community Board 5,Manhattan,10017,E 43 St & Vanderbilt Ave,40.75320159,-73.9779874,237
328,Manhattan Community Board 1,Manhattan,10005,Watts St & Greenwich St,40.72405549,-74.00965965,214
291,Lower East Side,Manhattan,10002,Madison St & Montgomery St,40.713126,-73.984844,54
330,Manhattan Community Board 1,Manhattan,10013,Reade St & Broadway,40.71450451,-74.00562789,103
303,Manhattan Community Board 2,Manhattan,10012,Mercer St & Spring St,40.72362738,-73.99949601,169
250,Manhattan Community Board 2,Manhattan,10012,Lafayette St & Jersey St,40.72456089,-73.99565293,110
525,Hudson Yards,Manhattan,10199,W 34 St & 11 Ave,40.75594159,-74.0021163,91
320,Manhattan Community Board 1,Manhattan,10013,Church St & Leonard St,40.71743998,-74.00583475,117
469,Manhattan Community Board 5,Manhattan,10019,Broadway & W 53 St,40.76344058,-73.98268129,207
484,Manhattan Community Board 5,Manhattan,10036,W 44 St & 5 Ave,40.75500254,-73.98014437,116
473,Manhattan Community Board 3,Manhattan,10002,Rivington St & Chrystie St,40.72110063,-73.9919254,128
466,Flatiron District,Manhattan,10001,W 25 St & 6 Ave,40.74395411,-73.99144871,255
529,Manhattan Community Board 4,Manhattan,10036,W 42 St & 8 Ave,40.7575699,-73.99098507,196
489,Manhattan Community Board 4,Manhattan,10019,10 Ave & W 28 St,40.75066386,-74.00176802,150
486,Midtown South,Manhattan,10019,Broadway & W 29 St,40.7462009,-73.98855723,193
143,,Brooklyn,11231,Clinton St & Joralemon St,40.69239502,-73.99337909,56
462,Manhattan Community Board 4,Manhattan,10011,W 22 St & 10 Ave,40.74691959,-74.00451887,316
365,Prospect Heights,Brooklyn,11207,Fulton St & Grand Ave,40.68223166,-73.9614583,36
502,Manhattan Community Board 3,Manhattan,10002,Henry St & Grand St,40.714215,-73.981346,108
294,Washington Square Village,Manhattan,10011,Washington Square E,40.73049393,-73.9957214,255
312,Manhattan Community Board 3,Manhattan,10002,Allen St & E Houston St,40.722055,-73.989111,210
526,Manhattan Community Board 5,Manhattan,10016,E 33 St & 5 Ave,40.74765947,-73.98490707,122
251,Manhattan Community Board 2,Manhattan,10012,Mott St & Prince St,40.72317958,-73.99480012,263
450,Clinton,Manhattan,10019,W 49 St & 8 Ave,40.76227205,-73.98788205,222
404,Manhattan Community Board 2,Manhattan,10014,9 Ave & W 14 St,40.7405826,-74.00550867,288
2006,,Manhattan,10105,Central Park S & 6 Ave,40.76590936,-73.97634151,264
253,Manhattan Community Board 2,Manhattan,10011,W 13 St & 5 Ave,40.73543934,-73.99453948,186
438,Manhattan Community Board 3,Manhattan,10003,St Marks Pl & 1 Ave,40.72779126,-73.98564945,171
401,Manhattan Community Board 3,Manhattan,10002,Allen St & Rivington St,40.72019576,-73.98997825,257
468,Manhattan Community Board 5,Manhattan,10019,Broadway & W 55 St,40.7652654,-73.98192338,149
385,Manhattan Community Board 6,Manhattan,10022,E 55 St & 2 Ave,40.75797322,-73.96603308,91
463,Manhattan Community Board 4,Manhattan,10019,9 Ave & W 16 St,40.74206539,-74.00443172,253
2002,,Brooklyn,11211,Wythe Ave & Metropolitan Ave,40.716887,-73.963198,110
528,Manhattan Community Board 6,Manhattan,10016,2 Ave & E 31 St,40.74290902,-73.97706058,262
487,Manhattan Community Board 6,Manhattan,10010,E 20 St & FDR Drive,40.73314259,-73.97573881,154
448,Manhattan Community Board 4,Manhattan,10018,W 37 St & 10 Ave,40.75660359,-73.9979009,188
396,,Brooklyn,11216,Lefferts Pl & Franklin Ave,40.680342423,-73.9557689392,57
347,Manhattan Community Board 2,Manhattan,10014,W Houston St & Hudson St,40.72873888,-74.00748842,284
540,Kips Bay,Manhattan,10035,Lexington Ave & E 26 St,40.74147286,-73.98320928,261
127,University Village,Manhattan,10014,Barrow St & Hudson St,40.73172428,-74.00674436,295
116,Manhattan Community Board 4,Manhattan,10011,W 17 St & 8 Ave,40.74177603,-74.00149746,290
254,Washington Square Village,Manhattan,10014,W 11 St & 6 Ave,40.73532427,-73.99800419,177
153,Manhattan Community Board 5,Manhattan,10016,E 40 St & 5 Ave,40.752062307,-73.9816324043,169
532,,Brooklyn,11249,S 5 Pl & S 4 St,40.710451,-73.960876,128
516,Manhattan Community Board 6,Manhattan,,E 47 St & 1 Ave,40.75206862,-73.96784384,38
337,Financial District,Manhattan,10005,Old Slip & Front St,40.7037992,-74.00838676,80
475,Manhattan Community Board 6,Manhattan,10003,E 16 St & Irving Pl,40.73524276,-73.98758561,219
285,Manhattan Community Board 2,Manhattan,10003,Broadway & E 14 St,40.73454567,-73.99074142,354
376,Manhattan Community Board 1,Manhattan,10038,John St & William St,40.70862144,-74.00722156,133
339,East Village,Manhattan,10009,Avenue D & E 12 St,40.72580614,-73.97422494,34
309,Manhattan Community Board 1,Manhattan,10007,Murray St & West St,40.7149787,-74.013012,151
411,East Village,Manhattan,10009,E 6 St & Avenue D,40.72228087,-73.97668709,70
2009,Manhattan Community Board 3,Manhattan,10038,Catherine St & Monroe St,40.71117444,-73.99682619,60
160,Manhattan Community Board 6,Manhattan,10016,E 37 St & Lexington Ave,40.748238,-73.978311,108
327,Manhattan Community Board 1,Manhattan,10285,Vesey Pl & River Terrace,40.7153379,-74.01658354,297
304,Financial District,Manhattan,10275,Broadway & Battery Pl,40.70463334,-74.01361706,168
173,Clinton,Manhattan,10019,Broadway & W 49 St,40.76064679,-73.98442659,210
352,Manhattan Community Board 5,Manhattan,10019,W 56 St & 6 Ave,40.76340613,-73.97722479,208
490,Chelsea District,Manhattan,10001,8 Ave & W 33 St,40.751551,-73.993934,247
232,,Brooklyn,11201,Cadman Plaza E & Tillary St,40.69597683,-73.99014892,44
224,Manhattan Community Board 1,Manhattan,10038,Spruce St & Nassau St,40.71146364,-74.00552427,113
2003,Manhattan Community Board 6,Manhattan,10010,1 Ave & E 18 St,40.73416059,-73.98024289,154
355,Manhattan Community Board 3,Manhattan,10013,Bayard St & Baxter St,40.71602118,-73.99974372,129
363,Manhattan Community Board 1,Manhattan,10280,West Thames St,40.70834698,-74.01713445,221
354,Clinton Hill,Brooklyn,11205,Emerson Pl & Myrtle Ave,40.69363137,-73.96223558,44
157,,Brooklyn,11231,Henry St & Atlantic Ave,40.69089272,-73.99612349,109
416,,Brooklyn,11238,Cumberland St & Lafayette Ave,40.68753406,-73.97265183,40
341,Lower East Side,Manhattan,10002,Stanton St & Mangin St,40.71782143,-73.97628939,80
520,Manhattan Community Board 5,Manhattan,10019,W 52 St & 5 Ave,40.75992262,-73.97648516,131
362,Garment District,Manhattan,,Broadway & W 37 St,40.75172632,-73.98753523,86
3002,Manhattan Community Board 1,Manhattan,10281,South End Ave & Liberty St,40.711512,-74.015756,248
311,Manhattan Community Board 3,Manhattan,10002,Norfolk St & Broome St,40.7172274,-73.98802084,111
351,Manhattan Community Board 1,Manhattan,10045,Front St & Maiden Ln,40.70530954,-74.00612572,109
478,Clinton,Manhattan,10018,11 Ave & W 41 St,40.76030096,-73.99884222,168
239,,Brooklyn,11201,Willoughby St & Fleet St,40.69196566,-73.9813018,44
428,Manhattan Community Board 3,Manhattan,10009,E 3 St & 1 Ave,40.72467721,-73.98783413,154
348,Manhattan Community Board 2,Manhattan,10012,W Broadway & Spring St,40.72490985,-74.00154702,268
461,Manhattan Community Board 6,Manhattan,10009,E 20 St & 2 Ave,40.73587678,-73.98205027,207
174,Manhattan Community Board 6,Manhattan,10010,E 25 St & 1 Ave,40.7381765,-73.97738662,123
360,Manhattan Community Board 1,Manhattan,,William St & Pine St,40.70717936,-74.00887308,123
340,Manhattan Community Board 3,Manhattan,10002,Madison St & Clinton St,40.71269042,-73.98776323,80
458,Chelsea District,Manhattan,10001,11 Ave & W 27 St,40.751396,-74.005226,135
537,Manhattan Community Board 6,Manhattan,10035,Lexington Ave & E 24 St,40.74025878,-73.98409214,270
265,Manhattan Community Board 3,Manhattan,10002,Stanton St & Chrystie St,40.72229346,-73.99147535,167
445,Alphabet City,Manhattan,10009,E 10 St & Avenue A,40.72740794,-73.98142006,196
511,Alphabet City,Manhattan,10009,E 14 St & Avenue B,40.72938685,-73.97772429,149
2004,Manhattan Community Board 2,Manhattan,10005,6 Ave & Broome St,40.724399,-74.004704,67
305,Manhattan Community Board 6,Manhattan,10022,E 58 St & 3 Ave,40.76095756,-73.96724467,198
442,Chelsea,Manhattan,10001,W 27 St & 7 Ave,40.746647,-73.993915,253
508,Clinton,Manhattan,10036,W 46 St & 11 Ave,40.76341379,-73.99667444,116
406,,Brooklyn,11201,Hicks St & Montague St,40.69512845,-73.99595065,80
358,Manhattan Community Board 2,Manhattan,10014,Christopher St & Greenwich St,40.73291553,-74.00711384,295
410,Manhattan Community Board 3,Manhattan,10002,Suffolk St & Stanton St,40.72066442,-73.98517977,209
504,Manhattan Community Board 6,Manhattan,10009,1 Ave & E 15 St,40.73221853,-73.98165557,253
336,Washington Square Village,Manhattan,10011,Sullivan St & Washington Sq,40.73047747,-73.99906065,241
394,Alphabet City,Manhattan,10009,E 9 St & Avenue C,40.72521311,-73.97768752,164
302,East Village,Manhattan,10009,Avenue D & E 3 St,40.72082834,-73.97793172,63
505,Chelsea District,Manhattan,10120,6 Ave & W 33 St,40.74901271,-73.98848395,224
455,Manhattan Community Board 6,Manhattan,10158,1 Ave & E 44 St,40.75001986,-73.96905301,68
439,Manhattan Community Board 3,Manhattan,10009,E 4 St & 2 Ave,40.7262807,-73.98978041,262
523,Manhattan Community Board 5,Manhattan,10018,W 38 St & 8 Ave,40.75466591,-73.99138152,201
150,Alphabet City,Manhattan,10009,E 2 St & Avenue C,40.7208736,-73.98085795,102
72,Clinton,Manhattan,10019,W 52 St & 11 Ave,40.76727216,-73.99392888,147
367,Manhattan Community Board 6,Manhattan,10022,E 53 St & Lexington Ave,40.75828065,-73.97069431,153
364,Clinton Hill,Brooklyn,11221,Lafayette Ave & Classon Ave,40.68900443,-73.96023854,36
264,Manhattan Community Board 1,Manhattan,10038,Maiden Ln & Pearl St,40.70706456,-74.00731853,137
485,Manhattan Community Board 5,Manhattan,10018,W 37 St & 5 Ave,40.75038009,-73.98338988,156
471,,Brooklyn,11211,Grand St & Havemeyer St,40.71286844,-73.95698119,67
464,Manhattan Community Board 6,Manhattan,10022,E 56 St & 3 Ave,40.75934501,-73.96759673,141
271,,Brooklyn,11215,Ashland Pl & Hanson Pl,40.68528172,-73.97805813,108
361,Manhattan Community Board 3,Manhattan,10002,Allen St & Hester St,40.71605866,-73.99190759,148
300,Manhattan Community Board 3,Manhattan,10003,Shevchenko Pl & E 6 St,40.728145,-73.990214,113
310,,Brooklyn,11208,State St & Smith St,40.68926942,-73.98912867,129
244,Clinton Hill,Brooklyn,11205,Willoughby Ave & Hall St,40.69196035,-73.96536851,35
415,Financial District,Manhattan,10038,Pearl St & Hanover Square,40.7047177,-74.00926027,132
417,Manhattan Community Board 1,Manhattan,10007,Barclay St & Church St,40.71291224,-74.01020234,252
534,Financial District,Manhattan,10004,Water - Whitehall Plaza,40.70255065,-74.0127234,74
400,Lower East Side,Manhattan,10009,Pitt St & Stanton St,40.71926081,-73.98178024,35
164,Manhattan Community Board 6,Manhattan,10017,E 47 St & 2 Ave,40.75323098,-73.97032517,126
225,Meatpacking District,Manhattan,10014,W 14 St & The High Line,40.74195138,-74.00803013,165
322,Cobble Hill,Brooklyn,11201,Clinton St & Tillary St,40.696192,-73.991218,66
259,Financial District,Manhattan,10004,South St & Whitehall St,40.70122128,-74.01234218,121
314,,Brooklyn,11231,Montague St & Clinton St,40.69424674,-73.99215922,64
146,Manhattan Community Board 1,Manhattan,10014,Hudson St & Reade St,40.71625008,-74.0091059,122
229,Manhattan Community Board 2,Manhattan,10012,Great Jones St,40.72743423,-73.99379025,209
295,Manhattan Community Board 3,Manhattan,10002,Pike St & E Broadway,40.71406667,-73.99293911,74
258,Clinton Hill,Brooklyn,11221,DeKalb Ave & Vanderbilt Ave,40.68940747,-73.96885458,54
248,Manhattan Community Board 1,Manhattan,10013,Laight St & Hudson St,40.72185379,-74.00771779,47
144,Brooklyn Navy Yard,Brooklyn,11251,Nassau St & Navy St,40.69839895,-73.98068914,22
399,Clinton Hill,Brooklyn,11205,Lafayette Ave & St James Pl,40.68851534,-73.9647628,35
480,Clinton,Manhattan,10019,W 53 St & 10 Ave,40.76669671,-73.99061728,130
280,Greenwich Village,Manhattan,10009,E 10 St & 5 Ave,40.73331967,-73.99510132,170
398,Columbia Street Waterfront District,Brooklyn,11201,Atlantic Ave & Furman St,40.69165183,-73.9999786,93
308,Civic Center,Manhattan,10038,St James Pl & Oliver St,40.71307916,-73.99851193,75
386,Manhattan Community Board 1,Manhattan,10013,Centre St & Worth St,40.71494807,-74.00234482,118
482,Manhattan Community Board 4,Manhattan,10011,W 15 St & 7 Ave,40.73935542,-73.99931783,222
437,Bedford-Stuyvesant,Brooklyn,11233,Macon St & Nostrand Ave,40.6809833854,-73.9500479759,22
387,Manhattan Community Board 1,Manhattan,10000,Centre St & Chambers St,40.71273266,-74.0046073,277
120,Clinton Hill,Brooklyn,11221,Lexington Ave & Classon Ave,40.68676793,-73.95928168,24
350,Manhattan Community Board 3,Manhattan,10002,Clinton St & Grand St,40.71559509,-73.9870295,130
331,Manhattan Community Board 3,Manhattan,10002,Pike St & Monroe St,40.71173107,-73.99193043,62
267,Garment District,Manhattan,,Broadway & W 36 St,40.75097711,-73.98765428,125
373,Clinton Hill,Brooklyn,11205,Willoughby Ave & Walworth St,40.69331716,-73.95381995,32
465,Garment District,Manhattan,,Broadway & W 41 St,40.75513557,-73.98658032,191
279,Brooklyn Navy Yard,Brooklyn,11201,Sands St & Gold St,40.69986937,-73.98271933,29
261,Brooklyn Navy Yard,Brooklyn,11201,Johnson St & Gold St,40.69474881,-73.98362464,60
412,Manhattan Community Board 3,Manhattan,10002,Forsyth St & Canal St,40.7158155,-73.99422366,127
546,Manhattan Community Board 5,Manhattan,10016,E 30 St & Park Ave S,40.74444921,-73.98303529,174
2010,Manhattan Community Board 2,Manhattan,10013,Grand St & Greene St,40.72165481,-74.00234737,135
533,Garment District,Manhattan,,Broadway & W 39 St,40.75299641,-73.98721619,96
421,,Brooklyn,11205,Clermont Ave & Park Ave,40.69573398,-73.97129668,23
241,,Brooklyn,11221,DeKalb Ave & S Portland Ave,40.68981035,-73.97493121,53
408,Manhattan Community Board 3,Manhattan,10002,Market St & Cherry St,40.71076228,-73.99400398,62
228,Manhattan Community Board 6,Manhattan,10017,E 48 St & 3 Ave,40.7546011026,-73.971878855,164
420,,Brooklyn,11205,Clermont Ave & Lafayette Ave,40.68764484,-73.96968902,29
427,Financial District,Manhattan,10275,State St,40.70251526,-74.01427023,139
414,Dumbo,Brooklyn,11201,Pearl St & Anchorage Pl,40.70281858,-73.98765762,79
353,,Brooklyn,11217,S Portland Ave & Hanson Pl,40.68539567,-73.97431458,18
270,,Brooklyn,11238,Adelphi St & Myrtle Ave,40.69308257,-73.97178913,53
423,Clinton,Manhattan,10019,W 54 St & 9 Ave,40.76584941,-73.98690506,76
238,Manhattan Community Board 2,Manhattan,10014,Bank St & Washington St,40.7361967,-74.00859207,153
397,,Brooklyn,11207,Fulton St & Clermont Ave,40.68415748,-73.96922273,29
2012,Manhattan Community Board 6,Manhattan,10016,E 27 St & 1 Ave,40.739445,-73.976806,86
289,Clinton Hill,Brooklyn,11221,Monroe St & Classon Ave,40.6845683,-73.95881081,9
393,Alphabet City,Manhattan,10009,E 5 St & Avenue C,40.72299208,-73.97995466,73
409,Clinton Hill,Brooklyn,11205,DeKalb Ave & Skillman St,40.6906495,-73.95643107,18
82,Manhattan Community Board 3,Manhattan,10038,St James Pl & Pearl St,40.71117416,-74.00016545,70
298,,Brooklyn,11227,3 Ave & Schermerhorn St,40.68683208,-73.9796772,17
245,,Brooklyn,11237,Myrtle Ave & St Edwards St,40.69327018,-73.97703874,22
343,Brooklyn Navy Yard,Brooklyn,11251,Clinton Ave & Flushing Ave,40.69794,-73.96986848,31
344,Clinton Hill,Brooklyn,11216,Monroe St & Bedford Ave,40.6851443,-73.95380904,28
356,Lower East Side,Manhattan,10002,Bialystoker Pl & Delancey St,40.71622644,-73.98261206,60
321,Dumbo,Brooklyn,11201,Cadman Plaza E & Red Cross Pl,40.69991755,-73.98971773,10
392,,Brooklyn,11201,Jay St & Tech Pl,40.695065,-73.987167,36
395,Boerum Hill,Kings County,11217,Bond St & Schermerhorn St,40.68807003,-73.98410637,53
390,,Brooklyn,11201,Duffield St & Willoughby St,40.69221589,-73.9842844,45
260,Financial District,Manhattan,10004,Broad St & Bridge St,40.70365182,-74.01167797,58
384,Prospect Heights,Brooklyn,11207,Fulton St & Waverly Ave,40.68317813,-73.9659641,53
419,,Brooklyn,11205,Carlton Ave & Park Ave,40.69580705,-73.97355569,52
431,,Brooklyn,11201,Hanover Pl & Livingston St,40.68864636,-73.98263429,11
216,Dumbo,Brooklyn,11242,Columbia Heights & Cranberry St,40.70037867,-73.99548059,41
282,,Brooklyn,11211,Kent Ave & S 11 St,40.70827295,-73.96834101,33
262,,Brooklyn,11205,Washington Park,40.69178232,-73.97372989,31
242,,Brooklyn,11205,Flushing Ave & Carlton Ave,40.69788349,-73.97350332,44
266,East Village,Manhattan,10009,Avenue D & E 8 St,40.72368361,-73.97574813,41
407,Dumbo,Brooklyn,11201,Henry St & Poplar St,40.700469,-73.991454,35
2005,,Brooklyn,11251,Railroad Ave & Kay Ave,40.70531194,-73.97100056,6
2001,,Brooklyn,11251,7 Ave & Farragut St,40.69892054,-73.97332996,7
278,Brooklyn Navy Yard,Brooklyn,11251,Concord St & Bridge St,40.69766564,-73.98476437,19
436,,Brooklyn,11233,Hancock St & Bedford Ave,40.68216564,-73.95399026,21
119,,Brooklyn,11251,Park Ave & St Edwards St,40.69608941,-73.97803415,10
372,Clinton Hill,Brooklyn,11225,Franklin Ave & Myrtle Ave,40.694528,-73.958089,7
